,Unnamed: 0,model,mae,rmse,r2,mae_avo,rmse_avo,r2_avo,mae_olive,rmse_olive,r2_olive,mae_grape,rmse_grape,r2_grape,mae_tr,rmse_tr,r2_tr,best_params
65,65,DDI_MLP,0.0494072966688383,0.0615590184719435,0.8770191802506082,0.059028268931054,0.072954993978757,0.8533677473171684,0.0421113844394746,0.0516569747486621,0.8986551780339169,0.0471039661690037,0.0581507792906606,0.88618084101782,0.0523294653126237,0.0656415270401946,0.8718577608093703,"{'mlp__activation': 'relu', 'mlp__alpha': 0.01, 'mlp__hidden_layer_sizes': (50, 50), 'mlp__learning_rate_init': 0.01}"
40,40,DDI_RF,0.044276424656241,0.0565643943488012,0.9007608607625422,0.057043259515322,0.0701530663687672,0.8644146482897763,0.0319611383827788,0.0400118244200968,0.9391976540731274,0.0438290961508615,0.0554738316302374,0.8964188753826824,0.0358968327703917,0.0464686802968545,0.9357821686957052,"{'rf__max_depth': 10, 'rf__min_samples_split': 20, 'rf__n_estimators': 100}"
115,115,DDI_Ridge,0.0486960936126463,0.061339021497554,0.8803920004894664,0.0627715266135267,0.0755524037596081,0.8427408125572077,0.0364150198677604,0.0469019110433548,0.9164541841397276,0.0469185040693246,0.0581640024134854,0.8861290716053969,0.0516361808094115,0.0658756098258129,0.8709422008734171,"{'ridge__alpha': 0.1, 'ridge__fit_intercept': True, 'ridge__solver': 'svd'}"
15,15,DDI_SVR,0.0434312868820341,0.0547362475403092,0.9039021082731676,0.0546102188471172,0.0669196861728919,0.8766249771956796,0.0322985914003371,0.0404109200996922,0.937978665755908,0.043385482515315,0.0536469690894987,0.9031288010466324,0.0454649975657512,0.0577292621391199,0.900887833226158,"{'SVR__C': 1, 'SVR__epsilon': 0.05, 'SVR__gamma': 5, 'SVR__kernel': 'rbf'}"
90,90,DDI_XGB,0.0420352150751365,0.0550707127941744,0.9039969489680082,0.0564940696188406,0.0696317327833291,0.8664223311227558,0.0253720361317841,0.0331179511711742,0.9583446728020288,0.0442189383121712,0.0561413399604536,0.8939111255215475,0.0257170823712221,0.0332232670475919,0.967173874046956,"{'xgb__colsample_bytree': 1.0, 'xgb__learning_rate': 0.01, 'xgb__max_depth': 5, 'xgb__n_estimators': 1000, 'xgb__subsample': 0.6}"
74,74,DD_MLP,0.3729959604938135,0.493573381686011,-0.1042748450848669,0.4069698565743749,0.5427642885966668,0.2243901260731267,0.3718940471145431,0.4889390967540836,0.2780259778307125,0.3404311925841236,0.4445485529115121,0.1947992718496937,0.3848674623532211,0.5035361994992036,0.4866786145046147,"{'mlp__activation': 'relu', 'mlp__alpha': 0.001, 'mlp__hidden_layer_sizes': (50, 50), 'mlp__learning_rate_init': 0.001}"
49,49,DD_RF,0.3602936496260321,0.4846033307417828,0.1084109965019743,0.427316642778173,0.5645679908629699,0.1608235233215792,0.3101546853983734,0.4032427256797289,0.5089280559181386,0.3435674153643955,0.4725340549481342,0.0902292216068204,0.1361500516728201,0.1826930078356054,0.9324272156520744,"{'rf__max_depth': 40, 'rf__min_samples_split': 2, 'rf__n_estimators': 500}"
124,124,DD_Ridge,0.4198505321955191,0.5446732221447351,-0.8650594294454721,0.445592039097397,0.6081041458407344,0.0264086041598073,0.4439301681028057,0.564158986934213,0.0387971254264406,0.3704950075434498,0.4503621344003027,0.1736015486837115,0.4369413397061942,0.5701359538284091,0.3419107130266173,"{'ridge__alpha': 0.001, 'ridge__fit_intercept': True, 'ridge__solver': 'lsqr'}"
24,24,DD_SVR,0.3583929777518148,0.4757559483957047,0.1849216758870386,0.4128916027308718,0.5530863760863165,0.1946090963697526,0.3374510503718134,0.4395296281811677,0.4165705454325196,0.3251498941490122,0.4247046154319862,0.2650805886012327,0.3168506470405747,0.4522384209318889,0.585940384497248,"{'SVR__C': 10, 'SVR__epsilon': 0.05, 'SVR__gamma': 10, 'SVR__kernel': 'rbf'}"
99,99,DD_XGB,0.3463683994692795,0.4578401456515893,0.1967522523583438,0.3922323808868556,0.5182978571698237,0.292739139333217,0.3058896196060004,0.4020883018162626,0.5117357628020691,0.3410335269014711,0.4457001309905893,0.1906222140313214,0.2022188946474294,0.2750362262007586,0.8468532576441952,"{'xgb__colsample_bytree': 0.8, 'xgb__learning_rate': 0.01, 'xgb__max_depth': 10, 'xgb__n_estimators': 500, 'xgb__subsample': 0.2}"
56,56,FWBI_MLP,0.0289289358506861,0.0372616700346604,0.1241095342461618,0.0420536425101134,0.0504158304317059,0.1259013711998194,0.0255768374857232,0.0329361282721801,-0.5387307767286162,0.0192476603440204,0.0233814583787529,0.5094650146741027,0.029681992903012,0.0385272065213388,0.4472508770463473,"{'mlp__activation': 'tanh', 'mlp__alpha': 0.01, 'mlp__hidden_layer_sizes': (50,), 'mlp__learning_rate_init': 0.01}"
31,31,FWBI_RF,0.0236620830280439,0.0324738400099532,0.4301611355450689,0.0343899854862938,0.0442216893262574,0.3274923219662108,0.0201270480664624,0.0270578216651213,-0.0384921301383764,0.0165364385920921,0.0219402518704244,0.5680733383147853,0.015990213745808,0.0220969374209843,0.8181734946400192,"{'rf__max_depth': 10, 'rf__min_samples_split': 10, 'rf__n_estimators': 500}"
106,106,FWBI_Ridge,0.0267950856445455,0.034686243020745,0.2792289878767202,0.039359193123206,0.0477420588760147,0.2161573745923682,0.0235014894378644,0.0290929743876595,-0.2005874487812271,0.0176112146648277,0.0221455346863844,0.559952927796195,0.0273146356967734,0.0355741640697546,0.5287379937788541,"{'ridge__alpha': 0.01, 'ridge__fit_intercept': True, 'ridge__solver': 'auto'}"
6,6,FWBI_SVR,0.0225427152517273,0.0320119366023782,0.4635895260425247,0.0336775392709321,0.0438406022143238,0.3390332526503747,0.0187307348434404,0.0270260368019747,-0.0360537266943439,0.0152883094315657,0.0206765942770411,0.6163945162929388,0.0218592323453158,0.0321759809959215,0.6144713888226168,"{'SVR__C': 1, 'SVR__epsilon': 0.01, 'SVR__gamma': 10, 'SVR__kernel': 'rbf'}"
81,81,FWBI_XGB,0.0142033846001434,0.0220743499055315,0.7692066113637862,0.0256716609638235,0.0345507069657329,0.5894741914809707,0.0074118931130647,0.0102212264036981,0.8518084072138176,0.0095703079934166,0.0129085596639321,0.8504858253501705,0.0047342646848139,0.0067929274736765,0.9828166840379317,"{'xgb__colsample_bytree': 1.0, 'xgb__learning_rate': 0.01, 'xgb__max_depth': 10, 'xgb__n_estimators': 500, 'xgb__subsample': 0.6}"
73,73,LIC2_MLP,0.0610236058311149,0.0805585930230005,5.570876377647416e-06,0.0766070452820373,0.0965522510902003,0.3181921605384505,0.072751681562664,0.0906096916843218,0.064670633139215,0.0339673384540872,0.0444877450271337,0.5502821134350246,0.0595703586141456,0.080180925319383,0.4748821207061771,"{'mlp__activation': 'tanh', 'mlp__alpha': 0.0001, 'mlp__hidden_layer_sizes': (50, 50), 'mlp__learning_rate_init': 0.01}"
48,48,LIC2_RF,0.0527992116378734,0.0720742016028001,0.3669595166847197,0.0676149850342293,0.0823200292055124,0.5043806945595413,0.0632735860406077,0.0859119336247755,0.1591427895877558,0.02774542036027,0.0382340115214717,0.6678309928312647,0.0359713011134378,0.0510471124033124,0.787158143570279,"{'rf__max_depth': 20, 'rf__min_samples_split': 20, 'rf__n_estimators': 500}"
123,123,LIC2_Ridge,0.0623555606938448,0.0809127145949849,0.0487506957149573,0.0777423243778634,0.0962811235974363,0.3220159409384124,0.0737517560144353,0.091811679225415,0.0396907187149121,0.0358229097173162,0.0445444375058793,0.5491351968293152,0.0604440658624056,0.0806347678944166,0.4689207196587421,"{'ridge__alpha': 0.1, 'ridge__fit_intercept': True, 'ridge__solver': 'svd'}"
23,23,LIC2_SVR,0.0529282896958245,0.0712838800100333,0.4105173113103759,0.067649163460564,0.0842336984152272,0.4810698284791723,0.0637616404961378,0.0829763990717128,0.2156237548075504,0.0276128896594172,0.0360479478916892,0.704729222089173,0.0459832575137607,0.064362284969755,0.6616411147328396,"{'SVR__C': 1, 'SVR__epsilon': 0.05, 'SVR__gamma': 5, 'SVR__kernel': 'rbf'}"
98,98,LIC2_XGB,0.0503167491195856,0.0696173343797069,0.4009332923474559,0.0633230136778682,0.0798697685188997,0.5334458739157437,0.060920186202438,0.0822265487306227,0.2297363749036508,0.0269276988956575,0.0378358518279737,0.6747132247672241,0.0293272167152425,0.041650571508514,0.8583043206851872,"{'xgb__colsample_bytree': 1.0, 'xgb__learning_rate': 0.01, 'xgb__max_depth': 10, 'xgb__n_estimators': 500, 'xgb__subsample': 0.2}"
57,57,LWI_MLP,0.2782624857625783,0.3964211002887888,0.8663764571580272,0.3065558235649604,0.4461420413299607,0.8584287357688802,0.2287649203258906,0.3558233565048067,0.8880350412802743,0.2992685430451614,0.3819714552686076,0.888590840379429,0.3099421949793908,0.4463902362208751,0.8598967038957154,"{'mlp__activation': 'relu', 'mlp__alpha': 0.0001, 'mlp__hidden_layer_sizes': (50, 50), 'mlp__learning_rate_init': 0.01}"
32,32,LWI_RF,0.2832651543133802,0.408198186701863,0.8745701119489441,0.3237628609898832,0.4737789067717078,0.8403458348449833,0.2107133566058195,0.3230187971551412,0.9077282385435904,0.3150196744002225,0.4135554993806621,0.8694049606988664,0.2059681857173234,0.2874507871094851,0.941904033190612,"{'rf__max_depth': None, 'rf__min_samples_split': 15, 'rf__n_estimators': 200}"
107,107,LWI_Ridge,0.3533290536167223,0.4665804277557016,0.8267402780693756,0.3763422489778271,0.5151651093952814,0.8112349037101949,0.3382060117168019,0.4568830868349194,0.8154035337996015,0.3455126399075114,0.4234580529368602,0.8630759071610008,0.3777273455747469,0.5022157973977367,0.8226628526650895,"{'ridge__alpha': 0.01, 'ridge__fit_intercept': True, 'ridge__solver': 'saga'}"
7,7,LWI_SVR,0.2597757116502906,0.3739483702746155,0.891153496715762,0.2769745034408805,0.3920258045334018,0.890690446650757,0.2257100259403497,0.3516957475996819,0.89061759837652,0.2764849710470307,0.376983447001776,0.8914815350036263,0.2542808251742454,0.3728413482918972,0.902261173868125,"{'SVR__C': 10, 'SVR__epsilon': 0.05, 'SVR__gamma': 10, 'SVR__kernel': 'rbf'}"
82,82,LWI_XGB,0.2690987752311196,0.3872400818567471,0.880682710551437,0.3057242168159613,0.4478707619405241,0.857329483530856,0.2071291715258349,0.314752491155193,0.91239042525221,0.2942060760233341,0.3875628128573806,0.8853053188922514,0.2415790466884093,0.3333890526507647,0.9218513195934812,"{'xgb__colsample_bytree': 0.8, 'xgb__learning_rate': 0.01, 'xgb__max_depth': 5, 'xgb__n_estimators': 500, 'xgb__subsample': 0.2}"
66,66,MAX_MLP,0.0228526365401339,0.0312131545229985,0.8550307206664997,0.026246352179534,0.0356022319910649,0.8367471317870118,0.0233937637945703,0.0317592059856375,0.8655320489091304,0.0189545678789502,0.0254888024873068,0.8935565042774202,0.0227527926442118,0.0308147839433759,0.8695437117795597,"{'mlp__activation': 'relu', 'mlp__alpha': 0.0001, 'mlp__hidden_layer_sizes': (50, 50), 'mlp__learning_rate_init': 0.01}"
41,41,MAX_RF,0.0224845151259844,0.0310649551898449,0.8593049179591862,0.0265447217870324,0.0360870726655496,0.8322704133190881,0.0212818766760494,0.0299673079582757,0.8802777205006489,0.0196536531598351,0.0264065086000613,0.8857536767203246,0.0165110472386879,0.0223059066182902,0.9316424446041662,"{'rf__max_depth': 20, 'rf__min_samples_split': 20, 'rf__n_estimators': 200}"
116,116,MAX_Ridge,0.023774599639148,0.0314673165732405,0.8498642506689913,0.0251350156611831,0.0337891154196939,0.8529516982472838,0.0256184973689424,0.0325526623507768,0.8587291551230996,0.0206002327448122,0.0277715911375877,0.873636458077729,0.0236536786029579,0.0318137041537871,0.8609486403313883,"{'ridge__alpha': 0.1, 'ridge__fit_intercept': True, 'ridge__solver': 'svd'}"
16,16,MAX_SVR,0.0216082836694012,0.0301991207478358,0.8617161687575833,0.0254260703111202,0.035956929789408,0.8334780174814733,0.0204638113399567,0.0281819678384141,0.8941179977550298,0.018959953603036,0.0255204999856312,0.8932915965437102,0.0197815059912492,0.0277426586373439,0.8942591201456711,"{'SVR__C': 0.1, 'SVR__epsilon': 0.01, 'SVR__gamma': 10, 'SVR__kernel': 'rbf'}"
91,91,MAX_XGB,0.0212647707324977,0.0290175670552401,0.8737729759239983,0.0257217395631772,0.0345048524502172,0.8466560246799502,0.0191849904206563,0.026738330391429,0.9046878895428906,0.0189097989287888,0.0249520417942785,0.8979924203126596,0.0167292526603258,0.0224025581619649,0.931048774313976,"{'xgb__colsample_bytree': 0.8, 'xgb__learning_rate': 0.01, 'xgb__max_depth': 5, 'xgb__n_estimators': 500, 'xgb__subsample': 0.2}"
52,52,MSI1_MLP,0.0293832390133049,0.0374655405810299,0.8069536174421265,0.0353670943740057,0.0445098691072891,0.7614382158484088,0.0205272926413965,0.0255537707677413,0.9196476632317108,0.0322284880524452,0.0396895170212853,0.6989433031645822,0.0308874815997883,0.0394716410148324,0.8147489030516082,"{'mlp__activation': 'relu', 'mlp__alpha': 0.001, 'mlp__hidden_layer_sizes': (50,), 'mlp__learning_rate_init': 0.01}"
27,27,MSI1_RF,0.0273327390876115,0.035263243377341,0.8249699315214709,0.0347096484502657,0.0422409347176633,0.7851401444268195,0.0192122909277801,0.0252339505127564,0.9216463890146622,0.0280693289240674,0.0361776709942956,0.7498630362080281,0.0196918040196588,0.0250661529788666,0.9252922261819072,"{'rf__max_depth': 30, 'rf__min_samples_split': 15, 'rf__n_estimators': 200}"
102,102,MSI1_Ridge,0.031337781205662,0.0389430153283516,0.7880173021062276,0.035407432572498,0.0443262259177361,0.7634027180819161,0.0238355780718641,0.0292040572826573,0.8950518215038928,0.0347382530495681,0.0415929169350237,0.6693752037778529,0.0320784152408354,0.040804809507041,0.8020237320744971,"{'ridge__alpha': 0.001, 'ridge__fit_intercept': True, 'ridge__solver': 'saga'}"
2,2,MSI1_SVR,0.0266568628582758,0.0348193650786686,0.8358973151601815,0.0348070151903867,0.0424016991019663,0.7835015659338596,0.0188676693612006,0.0240949110195249,0.9285603734389324,0.0262992774702967,0.0354720023240321,0.7595260303263046,0.0247648727463161,0.032394892822584,0.8752204202990929,"{'SVR__C': 1, 'SVR__epsilon': 0.01, 'SVR__gamma': 5, 'SVR__kernel': 'rbf'}"
77,77,MSI1_XGB,0.0263294734390896,0.0337767519678639,0.8403431158126083,0.032034824668315,0.0401148243538063,0.8062248731998147,0.0189454485630792,0.0239740310074687,0.9292753759718548,0.0279924585471194,0.0351815256855934,0.7634483386267323,0.0219225486641212,0.0279322670890755,0.9072310169465198,"{'xgb__colsample_bytree': 1.0, 'xgb__learning_rate': 0.01, 'xgb__max_depth': 5, 'xgb__n_estimators': 500, 'xgb__subsample': 0.2}"
53,53,MSI2_MLP,0.0293832390133049,0.0374655405810299,0.8069536174421265,0.0353670943740057,0.0445098691072891,0.7614382158484088,0.0205272926413965,0.0255537707677413,0.9196476632317108,0.0322284880524452,0.0396895170212853,0.6989433031645822,0.0308874815997883,0.0394716410148324,0.8147489030516082,"{'mlp__activation': 'relu', 'mlp__alpha': 0.001, 'mlp__hidden_layer_sizes': (50,), 'mlp__learning_rate_init': 0.01}"
28,28,MSI2_RF,0.0271701225254492,0.0351352639085468,0.8276172933822971,0.0343710470132265,0.0417599969712998,0.7900049020452431,0.0191523985631339,0.0253599846244233,0.9208617406276016,0.0279792883600383,0.036272141917454,0.7485549628757702,0.01909056789125,0.0241976434265044,0.9303795912045956,"{'rf__max_depth': 10, 'rf__min_samples_split': 10, 'rf__n_estimators': 1000}"
103,103,MSI2_Ridge,0.031337781205662,0.0389430153283516,0.7880173021062276,0.035407432572498,0.0443262259177361,0.7634027180819161,0.0238355780718641,0.0292040572826573,0.8950518215038928,0.0347382530495681,0.0415929169350237,0.6693752037778529,0.0320784152408354,0.040804809507041,0.8020237320744971,"{'ridge__alpha': 0.001, 'ridge__fit_intercept': True, 'ridge__solver': 'saga'}"
3,3,MSI2_SVR,0.0266568628582758,0.0348193650786686,0.8358973151601815,0.0348070151903867,0.0424016991019663,0.7835015659338596,0.0188676693612006,0.0240949110195249,0.9285603734389324,0.0262992774702967,0.0354720023240321,0.7595260303263046,0.0247648727463161,0.032394892822584,0.8752204202990929,"{'SVR__C': 1, 'SVR__epsilon': 0.01, 'SVR__gamma': 5, 'SVR__kernel': 'rbf'}"
78,78,MSI2_XGB,0.0263294734390896,0.0337767519678639,0.8403431158126083,0.032034824668315,0.0401148243538063,0.8062248731998147,0.0189454485630792,0.0239740310074687,0.9292753759718548,0.0279924585471194,0.0351815256855934,0.7634483386267323,0.0219225486641212,0.0279322670890755,0.9072310169465198,"{'xgb__colsample_bytree': 1.0, 'xgb__learning_rate': 0.01, 'xgb__max_depth': 5, 'xgb__n_estimators': 500, 'xgb__subsample': 0.2}"
51,51,MSI_MLP,0.1415795398587878,0.198429105161469,0.5717071544478145,0.248647675451158,0.3052070380159061,0.3840797910198323,0.0972181431591261,0.1189420701318551,0.7308472995466968,0.0794588452547961,0.1053119307662381,0.797028370054008,0.1398284108484838,0.2051264580499125,0.660391041221905,"{'mlp__activation': 'relu', 'mlp__alpha': 0.001, 'mlp__hidden_layer_sizes': (50, 50), 'mlp__learning_rate_init': 0.01}"
26,26,MSI_RF,0.1045586532433928,0.1659300562877841,0.730663122960548,0.1999413945550418,0.2611362485201855,0.549110951297459,0.0519709994711683,0.0724887100480995,0.9000302747346249,0.0621635197931218,0.096557672664767,0.8293706376212859,0.0556526746853765,0.0910588902853753,0.933076216920358,"{'rf__max_depth': 30, 'rf__min_samples_split': 7, 'rf__n_estimators': 100}"
101,101,MSI_Ridge,0.1437564260596169,0.2035988425637323,0.5610247196345313,0.2572577626795823,0.3137076383267412,0.3492928898359467,0.0890545887326117,0.1120580964413335,0.761101052108536,0.085506454797432,0.116834292949528,0.7501836501611714,0.1459054313045283,0.2050666826706236,0.6605889415482803,"{'ridge__alpha': 0.001, 'ridge__fit_intercept': True, 'ridge__solver': 'saga'}"
1,1,MSI_SVR,0.1073672355561008,0.1786283939663094,0.6863894618255499,0.2140741663677103,0.2911703828712473,0.4394301176944336,0.0553907941734875,0.0722408922148212,0.9007126412068471,0.0531482460283103,0.077266224538782,0.8907404084249322,0.0905089559274119,0.1532011158664413,0.8105652569240263,"{'SVR__C': 10, 'SVR__epsilon': 0.05, 'SVR__gamma': 10, 'SVR__kernel': 'rbf'}"
76,76,MSI_XGB,0.1043768488173063,0.1652757117176354,0.7290789981085573,0.2046493221214215,0.2631971846634988,0.5419658654367924,0.0477519684605159,0.0618697047840297,0.9271744382697245,0.0611371772993957,0.0949745599546651,0.8349198825760318,0.0584956811486796,0.0867511773560358,0.93925835750741,"{'xgb__colsample_bytree': 1.0, 'xgb__learning_rate': 0.01, 'xgb__max_depth': 7, 'xgb__n_estimators': 1000, 'xgb__subsample': 0.2}"
71,71,NDVI1_MLP,0.0267612196820487,0.0360554136744312,0.2598853747782341,0.0380187845008768,0.0467713447616742,0.3456068911205014,0.0295400698864712,0.036623061826072,-0.003989528275875,0.0128559861076136,0.0194897869004818,0.754759205097036,0.0272198146635377,0.0369495967956369,0.5431219250115443,"{'mlp__activation': 'relu', 'mlp__alpha': 0.01, 'mlp__hidden_layer_sizes': (50,), 'mlp__learning_rate_init': 0.01}"
46,46,NDVI1_RF,0.0226082909245824,0.0321378878154395,0.509936893200417,0.0320704473921329,0.0416168515314093,0.4818954027348615,0.0231949946410339,0.0311868364889491,0.2719477817916107,0.0126533453217392,0.0199980340238908,0.7418018419166363,0.015189344901753,0.0220398151423415,0.8374463202127758,"{'rf__max_depth': 30, 'rf__min_samples_split': 15, 'rf__n_estimators': 100}"
121,121,NDVI1_Ridge,0.0263606273895041,0.0357314158141099,0.3424595811661785,0.0385467224364835,0.0478674733824871,0.3145748866278731,0.0260208681694881,0.0329563746558042,0.1869846494994539,0.0146250049814843,0.021458915449168,0.7027005737231563,0.0264295570978056,0.0361149832346913,0.563528646598048,"{'ridge__alpha': 0.01, 'ridge__fit_intercept': True, 'ridge__solver': 'saga'}"
21,21,NDVI1_SVR,0.022810150912212,0.0325631084882491,0.4583648818010261,0.0340072215659611,0.0435574907515835,0.4324492397046479,0.0233133618524582,0.0312858145736516,0.2673191901759064,0.0112192177443287,0.017665509032504,0.7985205084252458,0.0208315177355015,0.0311540022120082,0.6752055474905786,"{'SVR__C': 1, 'SVR__epsilon': 0.01, 'SVR__gamma': 5, 'SVR__kernel': 'rbf'}"
96,96,NDVI1_XGB,0.021804926076645,0.0313164016680588,0.5004200117885155,0.0318879550856468,0.0412144846038931,0.4918654208477711,0.0220760372413337,0.030045567360145,0.3242583288472842,0.0115475535681293,0.0186215437024162,0.7761227852986587,0.0134197277912136,0.019460044332249,0.8732731731178006,"{'xgb__colsample_bytree': 0.8, 'xgb__learning_rate': 0.01, 'xgb__max_depth': 10, 'xgb__n_estimators': 500, 'xgb__subsample': 0.2}"
62,62,NDWI1_MLP,0.0532681499969621,0.0717785862865407,0.181982165400283,0.0850161357974182,0.1010432632915996,0.2435748134845293,0.0459407204257591,0.05915948518551,-0.2211246556115942,0.0290758232651786,0.0421750567929984,0.482096052720155,0.0547709001647946,0.074554033850683,0.5056913316102534,"{'mlp__activation': 'relu', 'mlp__alpha': 0.01, 'mlp__hidden_layer_sizes': (50, 50), 'mlp__learning_rate_init': 0.01}"
37,37,NDWI1_RF,0.0499985053006607,0.0688675940530015,0.3758693593170094,0.0791180448575944,0.0978731812491597,0.2902936957132871,0.0414631784030101,0.0530199710039598,0.0191779972303148,0.0296066684606232,0.0431868860968389,0.4569477075132083,0.0357441649910536,0.0505575631308355,0.7726849454101274,"{'rf__max_depth': 20, 'rf__min_samples_split': 20, 'rf__n_estimators': 200}"
112,112,NDWI1_Ridge,0.0560928790902832,0.074018553474156,0.2024408914036551,0.0886022302488487,0.1060434309521062,0.1668584486397506,0.0476334809525481,0.0586500478320186,-0.200184377365113,0.0322676919855353,0.0422615461632594,0.4799697193430294,0.0562321544904445,0.0742120944180893,0.5102151918617452,"{'ridge__alpha': 0.001, 'ridge__fit_intercept': True, 'ridge__solver': 'saga'}"
12,12,NDWI1_SVR,0.0527553069852701,0.0697884584078128,0.2348155490469512,0.0804817140835559,0.0999175571742662,0.2603353406715051,0.0434617215779332,0.0533082164017585,0.0084844443731683,0.034494754655919,0.0426008101725141,0.4715868876739815,0.0511565513362106,0.0687794105729394,0.5792996892927307,"{'SVR__C': 1, 'SVR__epsilon': 0.05, 'SVR__gamma': 10, 'SVR__kernel': 'rbf'}"
87,87,NDWI1_XGB,0.0268349574921517,0.0427045434679587,0.8013604664777946,0.0524829373266066,0.0687395680235822,0.6499219745825364,0.0153105010355643,0.0199947221411984,0.8605103531950684,0.0128434296598718,0.0189717145961211,0.8952024730307594,0.0084350922772884,0.0123163493632693,0.9865097520375428,"{'xgb__colsample_bytree': 1.0, 'xgb__learning_rate': 0.01, 'xgb__max_depth': 10, 'xgb__n_estimators': 500, 'xgb__subsample': 0.6}"
63,63,NDWI2_MLP,0.0510485209240951,0.0682812593583727,0.1960601109927949,0.0819378717906687,0.0964412592199549,0.2306274931578964,0.0427362354042398,0.0554400799529257,-0.2308184460081541,0.028682456188094,0.0405089563073569,0.4405670850239209,0.0519612772294126,0.0708723039588888,0.4968089036607754,"{'mlp__activation': 'relu', 'mlp__alpha': 0.001, 'mlp__hidden_layer_sizes': (50,), 'mlp__learning_rate_init': 0.01}"
38,38,NDWI2_RF,0.0469915481410949,0.0652244901071063,0.3895495757180139,0.0749830205524108,0.0934654433483409,0.2773748722670596,0.0392770748072251,0.0503237277210898,-0.0141259791115992,0.026904053727924,0.0389901034372875,0.4817316571419922,0.0266785259709814,0.0384086358495647,0.8522125312535369,"{'rf__max_depth': None, 'rf__min_samples_split': 10, 'rf__n_estimators': 100}"
113,113,NDWI2_Ridge,0.0527209041990759,0.0697655243184004,0.1992279702897906,0.0840559441619598,0.1004839145253009,0.1647739921175223,0.0443767528262765,0.0548607343649085,-0.2052288916254041,0.0299448837266559,0.0390702489117252,0.4795988311799973,0.0529389893591434,0.0700833031721706,0.5079503003645297,"{'ridge__alpha': 0.001, 'ridge__fit_intercept': True, 'ridge__solver': 'saga'}"
13,13,NDWI2_SVR,0.0455764061985647,0.0654283258314927,0.367581103255003,0.0727825128868361,0.0916326782955355,0.3054369436571044,0.0383760170230363,0.0532135854525924,-0.1339433136460204,0.0257576580083706,0.0404880801255853,0.4411435409468229,0.0451936094501103,0.0668758076195354,0.5519588276957481,"{'SVR__C': 0.1, 'SVR__epsilon': 0.01, 'SVR__gamma': 10, 'SVR__kernel': 'rbf'}"
88,88,NDWI2_XGB,0.0260569549213374,0.0405956112139195,0.7914764509633125,0.0507335148417077,0.0652725672628988,0.647570456525476,0.015363292111599,0.0195831789235638,0.8464277722542977,0.0122047390921134,0.0176805023052794,0.8934299656892728,0.0081483509177697,0.0118813709461989,0.985857930878582,"{'xgb__colsample_bytree': 0.8, 'xgb__learning_rate': 0.01, 'xgb__max_depth': 10, 'xgb__n_estimators': 500, 'xgb__subsample': 0.6}"
61,61,NDWI_MLP,0.0568899465674142,0.074629956889864,0.7118478534000996,0.0895791639008328,0.1058077680845129,0.6012963271413805,0.0404897648031056,0.0509716259527061,0.7941141942275265,0.0407531449755855,0.0542245876474686,0.7624686194048745,0.0585891567984747,0.0798477428947947,0.7437457086835728,"{'mlp__activation': 'relu', 'mlp__alpha': 0.0001, 'mlp__hidden_layer_sizes': (50, 50), 'mlp__learning_rate_init': 0.01}"
36,36,NDWI_RF,0.0452524100323495,0.0659197666125524,0.7951142189311408,0.0771789820432698,0.098490465060283,0.6545354363886622,0.0242480221477809,0.0329581730067591,0.9139213019101768,0.0344323023931599,0.0476363386407205,0.8166819517767328,0.0246722038285329,0.0369324629873828,0.9451770499887922,"{'rf__max_depth': 30, 'rf__min_samples_split': 7, 'rf__n_estimators': 500}"
111,111,NDWI_Ridge,0.0636495577407333,0.0855299465584284,0.622852600828885,0.1062089481141425,0.1264198978522113,0.4308247595816339,0.0429060117743845,0.055233099852936,0.7582490066577254,0.0420375997300006,0.0543559475210067,0.7613163787982142,0.0656298272992626,0.088051286715063,0.6883857768139847,"{'ridge__alpha': 0.001, 'ridge__fit_intercept': False, 'ridge__solver': 'lsqr'}"
11,11,NDWI_SVR,0.048580945373522,0.0731768504187716,0.7589726792728865,0.0866846243760483,0.1147128063271843,0.5313604488350336,0.0270765934119353,0.0345326209736202,0.905500716577208,0.0321367522301613,0.0417978495973735,0.8588644712571353,0.0372656707172336,0.0601467356377434,0.8545981333291608,"{'SVR__C': 10, 'SVR__epsilon': 0.01, 'SVR__gamma': 10, 'SVR__kernel': 'rbf'}"
86,86,NDWI_XGB,0.0442871821210249,0.0651820499756853,0.7973169259987211,0.076678006963497,0.0989069513379324,0.6516075293037641,0.0226977838619767,0.0302987871023469,0.9272521908889878,0.0335867034495957,0.0454542414901571,0.8330919409976444,0.0204755862779368,0.0299772358005529,0.9638815564704226,"{'xgb__colsample_bytree': 1.0, 'xgb__learning_rate': 0.01, 'xgb__max_depth': 10, 'xgb__n_estimators': 1000, 'xgb__subsample': 0.2}"
69,69,PSRI_MLP,0.0153831037729406,0.0233667285712164,-0.5618297873195648,0.0299549819794077,0.037860382548109,0.0326650120900064,0.0069282177218841,0.008559483090383,-0.70469183166847,0.0093232797685152,0.0116281585653404,0.1275465573147504,0.0142982266912963,0.0221932216671893,0.3710723494293079,"{'mlp__activation': 'relu', 'mlp__alpha': 0.001, 'mlp__hidden_layer_sizes': (50, 50), 'mlp__learning_rate_init': 0.01}"
44,44,PSRI_RF,0.012862619187635,0.0210708764085076,0.1414794741960058,0.0262055226687949,0.0344733773279281,0.1979996340328464,0.0050760875612835,0.0065347657655436,0.0064016676005399,0.0073581760417502,0.0101997857583155,0.3287219144811152,0.0077698640201999,0.0123108625373517,0.8064750557963076,"{'rf__max_depth': 10, 'rf__min_samples_split': 10, 'rf__n_estimators': 200}"
119,119,PSRI_Ridge,0.0142833603831909,0.0220905768400251,-0.2201272680683017,0.0273525087290052,0.0355780018087267,0.1457794672815503,0.0077315807400615,0.0098573676195392,-1.2608550030043748,0.0078269016683816,0.0102291462317703,0.3248517529905598,0.0134047976128916,0.021172847836268,0.4275750701284552,"{'ridge__alpha': 0.001, 'ridge__fit_intercept': True, 'ridge__solver': 'lsqr'}"
19,19,PSRI_SVR,0.0125614106973036,0.0206866170540164,-0.3339389197265316,0.0250921762541803,0.0337518132733605,0.2312216932826933,0.0054151452687718,0.0071159630790544,-0.1781977139610642,0.0072272330000647,0.0098543173149548,0.3734244334313639,0.0112174720919277,0.0192564794947503,0.5265067742798556,"{'SVR__C': 0.1, 'SVR__epsilon': 0.01, 'SVR__gamma': 10, 'SVR__kernel': 'rbf'}"
94,94,PSRI_XGB,0.0118297388623588,0.0186374185545289,0.4610169556793638,0.023168601119071,0.0298328563201812,0.3993844478098256,0.0049891867303469,0.0064684996999584,0.0264507462001519,0.0073734690191977,0.010603561323689,0.2745226218034946,0.0080602858189514,0.0123635674753755,0.8048144810729667,"{'xgb__colsample_bytree': 0.8, 'xgb__learning_rate': 0.1, 'xgb__max_depth': 3, 'xgb__n_estimators': 100, 'xgb__subsample': 1.0}"
70,70,RVSI_MLP,0.0060445432130897,0.0082532688474578,0.4980111460463055,0.0063436257850752,0.0087226816567809,-0.3470598780141645,0.0039210095841659,0.005318422418008,-0.1767683859500264,0.0078519433255707,0.0099840257941451,0.5358903570742284,0.0059677476781049,0.0083507576800501,0.58842939534752,"{'mlp__activation': 'relu', 'mlp__alpha': 0.001, 'mlp__hidden_layer_sizes': (100,), 'mlp__learning_rate_init': 0.01}"
45,45,RVSI_RF,0.0040620478471793,0.0061493827125066,0.7046883768515895,0.0040018974881712,0.0063816420079586,0.2789726625156365,0.0026227770326502,0.0037729277982997,0.4077810168520431,0.0055474557387209,0.0076348681499543,0.728598473452963,0.0021549859092856,0.0034255482944651,0.93074473824852,"{'rf__max_depth': None, 'rf__min_samples_split': 7, 'rf__n_estimators': 100}"
120,120,RVSI_Ridge,0.0054434130475015,0.0074650069265998,0.4969629899558478,0.0056303572104834,0.008156509869572,-0.1778651911930084,0.0037229218102505,0.0048218771028351,0.0327079687351847,0.0069626279061231,0.0087861981013308,0.6405725967187543,0.0055751779724913,0.0076723894559103,0.6525807605445461,"{'ridge__alpha': 0.1, 'ridge__fit_intercept': True, 'ridge__solver': 'auto'}"
20,20,RVSI_SVR,0.0048850541424013,0.0065923579241304,0.5770681531864406,0.0046336186153742,0.0069444511797,0.1461870969775283,0.0040736631565714,0.0049906641754498,-0.0361962818151138,0.0059379476971942,0.0075575508323369,0.7340675362597343,0.005000155102273,0.006711876150687,0.7341231933681974,"{'SVR__C': 0.1, 'SVR__epsilon': 0.01, 'SVR__gamma': 5, 'SVR__kernel': 'rbf'}"
95,95,RVSI_XGB,0.0041664183991336,0.0062893686246907,0.698097555305764,0.0040083423395166,0.0062233593502423,0.3142961102476029,0.0026302030332527,0.0037672770286093,0.409553638652826,0.0058448753253277,0.0080932769244948,0.6950293785681703,0.0017653646193252,0.0026226165296913,0.9594059694843188,"{'xgb__colsample_bytree': 0.8, 'xgb__learning_rate': 0.01, 'xgb__max_depth': 10, 'xgb__n_estimators': 1000, 'xgb__subsample': 0.2}"
72,72,SIPI_MLP,0.0206872952142426,0.0286109736029771,-0.4570956459556126,0.033597576000247,0.0423407921865529,0.1640816577028727,0.0117807344739497,0.0146024517706935,-0.7578209136532321,0.0167209931128836,0.021289336938385,-0.5289728803733849,0.0195966539746721,0.0285078998255322,0.2645198180987927,"{'mlp__activation': 'tanh', 'mlp__alpha': 0.01, 'mlp__hidden_layer_sizes': (50, 50), 'mlp__learning_rate_init': 0.01}"
47,47,SIPI_RF,0.0154487726859338,0.0237444274519594,0.01600797534639,0.0279564090792111,0.0364524797943017,0.3804162025769185,0.0067339643964258,0.0093725538121704,0.275832631469154,0.0116913915737886,0.0166573315427874,0.0639773213985037,0.0107677574649732,0.017971821837406,0.707702745657056,"{'rf__max_depth': 20, 'rf__min_samples_split': 20, 'rf__n_estimators': 100}"
122,122,SIPI_Ridge,0.0176868003424546,0.0252891997739059,-0.4237144605176484,0.0303350297947285,0.0381757906956859,0.3204491216820371,0.0091335985865849,0.0117225687824972,-0.1328401829098937,0.0136300439329326,0.01807683428614,-0.1023519254534521,0.0169425504361749,0.0261930113921686,0.3791146818498185,"{'ridge__alpha': 0.1, 'ridge__fit_intercept': True, 'ridge__solver': 'lsqr'}"
22,22,SIPI_SVR,0.0153826276578184,0.0230921308443294,-0.2240942732522521,0.0274235951538864,0.0352868097712189,0.4194084794757114,0.0071595375148988,0.0093722310307042,0.2758825098234725,0.0116004314014285,0.0164083076544653,0.091754839802763,0.0132306709465003,0.0229665548986232,0.5226551580608969,"{'SVR__C': 0.1, 'SVR__epsilon': 0.01, 'SVR__gamma': 10, 'SVR__kernel': 'rbf'}"
97,97,SIPI_XGB,0.0132813777298404,0.0207100569596536,0.2746271140500823,0.0245290193629467,0.0320802592488689,0.520132171396501,0.0060348244711226,0.0084660412527208,0.4091410384793282,0.0093176827047452,0.0137176366398765,0.365204117444126,0.0099709446084393,0.0158419139917758,0.7728797649776848,"{'xgb__colsample_bytree': 1.0, 'xgb__learning_rate': 0.01, 'xgb__max_depth': 5, 'xgb__n_estimators': 500, 'xgb__subsample': 0.2}"
64,64,SIWSI_MLP,0.0542738763334916,0.0715858109125217,0.7200967346620227,0.0863897889135208,0.1028175233257922,0.6000364544949459,0.0384615643478371,0.0484435722920061,0.810154001796458,0.0381226458381296,0.0498026871845124,0.7934732139952723,0.0557095890898738,0.0767258426983254,0.7488514578630896,"{'mlp__activation': 'relu', 'mlp__alpha': 0.0001, 'mlp__hidden_layer_sizes': (50, 50), 'mlp__learning_rate_init': 0.001}"
39,39,SIWSI_RF,0.0440581214770322,0.0634882362318338,0.795813824569984,0.0746816421755729,0.0944301217778958,0.6626294008850803,0.0237626179100006,0.032265054653506,0.9157841308772504,0.0338266278701165,0.0463887024619047,0.8208176270597674,0.0307733518682183,0.0440251676483014,0.9173106907163624,"{'rf__max_depth': 10, 'rf__min_samples_split': 10, 'rf__n_estimators': 100}"
114,114,SIWSI_Ridge,0.0609143182961673,0.0815360355046797,0.6403038149718303,0.1011508892999126,0.120191539379366,0.4534449292039105,0.0410581973670158,0.0529459796647482,0.773225038523256,0.0407243397175979,0.0522688873761001,0.7725126012132437,0.0628679093888307,0.0841617209903351,0.6978124674274222,"{'ridge__alpha': 0.001, 'ridge__fit_intercept': False, 'ridge__solver': 'auto'}"
14,14,SIWSI_SVR,0.0466659126164359,0.0700603144378772,0.7674750012202195,0.0822230626119177,0.1094650845160248,0.5466460893929699,0.0263975802136822,0.0333487670267447,0.9100318711026022,0.0315199811694342,0.0407582150760136,0.8616748508911598,0.0358905262302463,0.0574934088238423,0.858979111896861,"{'SVR__C': 10, 'SVR__epsilon': 0.01, 'SVR__gamma': 10, 'SVR__kernel': 'rbf'}"
89,89,SIWSI_XGB,0.0428584297199278,0.0630260953692871,0.7993168909277867,0.0741574746170399,0.0953089648945641,0.6563204914348144,0.021360142679671,0.0288411079685107,0.9327096161754812,0.0331492677308936,0.0449408349269663,0.8318282254382564,0.0198973617040376,0.0290391538573423,0.9640238038178384,"{'xgb__colsample_bytree': 1.0, 'xgb__learning_rate': 0.01, 'xgb__max_depth': 10, 'xgb__n_estimators': 1000, 'xgb__subsample': 0.2}"
68,68,SPADI_MLP,0.0338976391949815,0.0452430232215447,-1.2279074218779176,0.0333986426208786,0.0443277987625751,-0.0302462617412213,0.0322661679430184,0.0471901925036643,0.0627752105019151,0.0360081961067852,0.0441570082799298,0.1424842346692377,0.0325078029247303,0.0446896821702137,0.3288838311465745,"{'mlp__activation': 'relu', 'mlp__alpha': 0.0001, 'mlp__hidden_layer_sizes': (50,), 'mlp__learning_rate_init': 0.01}"
43,43,SPADI_RF,0.0303812433189783,0.0412054983114404,-0.2019978226532266,0.0293683510038388,0.0391817332625961,0.1950739111898413,0.0306657416963234,0.043863085185399,0.1902730021889395,0.0311028298367932,0.0404362864401053,0.2809065068758162,0.011147824838092,0.0152013492324404,0.9223489302346356,"{'rf__max_depth': 20, 'rf__min_samples_split': 2, 'rf__n_estimators': 200}"
118,118,SPADI_Ridge,0.0341343476409717,0.0444555961229092,-1.2403488309201478,0.0323965588552496,0.043434667379699,0.0108509998358544,0.0325241351990532,0.0448351007293003,0.1539879111776729,0.037451059137513,0.0450735131822604,0.1065183246292581,0.0345780195546883,0.0457823333839279,0.295665409880015,"{'ridge__alpha': 0.01, 'ridge__fit_intercept': True, 'ridge__solver': 'lsqr'}"
18,18,SPADI_SVR,0.0286002651186717,0.0400503759000158,-0.0153000568487198,0.0265505443204152,0.0376622781604664,0.2562929654170776,0.0293823413468373,0.0434662922224185,0.204856597174084,0.0298560625432477,0.0387977300123359,0.3380038504838809,0.025155585391225,0.0370945170402733,0.5376161973430253,"{'SVR__C': 1, 'SVR__epsilon': 0.01, 'SVR__gamma': 5, 'SVR__kernel': 'rbf'}"
93,93,SPADI_XGB,0.0284682611796758,0.0390093438791481,0.0065873715666736,0.0273309199544238,0.0378107235539653,0.2504187879285046,0.0272191929409409,0.0393521592798147,0.3482554563995748,0.0308323677514759,0.0398288085696656,0.3023502213678615,0.0137660744897158,0.0184567607127395,0.885529354016463,"{'xgb__colsample_bytree': 0.8, 'xgb__learning_rate': 0.01, 'xgb__max_depth': 7, 'xgb__n_estimators': 500, 'xgb__subsample': 0.6}"
60,60,SRWI2_MLP,0.0672667005244917,0.0903105501096402,0.5033857821687873,0.1058761438873748,0.1272128356465241,0.4525894927251384,0.0527062970659834,0.0673915940682323,0.4028652924979641,0.0434424180024007,0.0615182448917716,0.5971774195776921,0.0726559332988764,0.0971812401796668,0.6285919089951495,"{'mlp__activation': 'relu', 'mlp__alpha': 0.01, 'mlp__hidden_layer_sizes': (50, 50), 'mlp__learning_rate_init': 0.01}"
35,35,SRWI2_RF,0.0475013280352147,0.0729830763024072,0.7384874967179393,0.086622603979147,0.1118404710197571,0.5768939480808908,0.0260741852017559,0.0354187236665713,0.835059741698515,0.0299725606547458,0.047390654368723,0.7609485705987542,0.0253392549150037,0.0409383496879455,0.9340906317143436,"{'rf__max_depth': 30, 'rf__min_samples_split': 7, 'rf__n_estimators': 100}"
110,110,SRWI2_Ridge,0.0696871650466169,0.0931660705327498,0.5307514014985064,0.1138640551367067,0.1383832206378731,0.352234028088857,0.0483124918502448,0.0586511992343525,0.5477124333539893,0.0470980529836818,0.0591502333045006,0.6275921234801066,0.0712713469435854,0.0961745751757294,0.6362466181796428,"{'ridge__alpha': 0.001, 'ridge__fit_intercept': True, 'ridge__solver': 'saga'}"
10,10,SRWI2_SVR,0.0491037703849792,0.0737827976221828,0.7490733507767154,0.0869059378681984,0.1155543900701326,0.5483269673565887,0.0328040603351362,0.0402714176540144,0.786766864825889,0.0278022704977095,0.0373536335432409,0.8514845478950228,0.0460127324368289,0.0694055735543899,0.8105584748632693,"{'SVR__C': 10, 'SVR__epsilon': 0.05, 'SVR__gamma': 10, 'SVR__kernel': 'rbf'}"
85,85,SRWI2_XGB,0.0469208133042707,0.0717726260715291,0.7430709612423171,0.0881623479361294,0.1126853307435021,0.570477390067144,0.0256777588691886,0.0342206853515075,0.8460292368551878,0.0271092347915761,0.0402271240707992,0.8277560787616427,0.0150934138733833,0.0217435214645159,0.981407137851386,"{'xgb__colsample_bytree': 1.0, 'xgb__learning_rate': 0.01, 'xgb__max_depth': 10, 'xgb__n_estimators': 500, 'xgb__subsample': 0.6}"
59,59,SWRI1_MLP,0.1077328682066991,0.1535881887387256,0.5746033211510366,0.1875005165408031,0.2337702083937564,0.3976908082903709,0.0761303206273123,0.0934041266833718,0.659466307875554,0.0600179085805306,0.086870601482976,0.7464514624213694,0.109785783804762,0.1600283439544042,0.6560617529176638,"{'mlp__activation': 'relu', 'mlp__alpha': 0.0001, 'mlp__hidden_layer_sizes': (50,), 'mlp__learning_rate_init': 0.01}"
34,34,SWRI1_RF,0.078634716490624,0.1252507195604043,0.7426305354343408,0.1532556279811352,0.1976183752802178,0.569576661446962,0.0386661943838422,0.0543459471409813,0.8847177928311748,0.0443061812132848,0.0718058447988575,0.8267652374923407,0.0538773445748969,0.0867906959163814,0.898834369411508,"{'rf__max_depth': 10, 'rf__min_samples_split': 10, 'rf__n_estimators': 100}"
109,109,SWRI1_Ridge,0.1105607527035704,0.1574400442269701,0.5528698630636202,0.1980664657763086,0.2439082073668597,0.344316897718719,0.0680182224238793,0.0863521106089082,0.7089457986093017,0.0660177865721406,0.0870434832968865,0.7454412806693388,0.115691969079787,0.1639798576480087,0.638866595880248,"{'ridge__alpha': 0.001, 'ridge__fit_intercept': True, 'ridge__solver': 'auto'}"
9,9,SWRI1_SVR,0.0845320792052165,0.1454310737266687,0.6492332359486692,0.1741444639268019,0.2394618675352193,0.368004634881126,0.0421396864205649,0.0565974157607472,0.8749680045942448,0.0377533956041418,0.0554603537957972,0.8966570810039456,0.0656043509130485,0.1206695899840729,0.8044389656341722,"{'SVR__C': 10, 'SVR__epsilon': 0.01, 'SVR__gamma': 10, 'SVR__kernel': 'rbf'}"
84,84,SWRI1_XGB,0.0795010488117368,0.1220417162989012,0.7341336077056949,0.1568812921006606,0.1957628518455044,0.5776215723262227,0.0378426219918505,0.0488385570575309,0.9068991583617368,0.0441130810947464,0.0638458943605952,0.8630438929171332,0.0583576972060952,0.0920606069517783,0.8861758753152054,"{'xgb__colsample_bytree': 1.0, 'xgb__learning_rate': 0.01, 'xgb__max_depth': 7, 'xgb__n_estimators': 500, 'xgb__subsample': 0.2}"
58,58,SWRI_MLP,0.0739010958014408,0.0989216319240388,0.5910448168797543,0.1196499489010519,0.1443975722086235,0.4424522944705592,0.0581385053104201,0.0722489957925109,0.4926508896343617,0.0441950786377905,0.0578501118302439,0.7411408334696497,0.0757481632823963,0.1062485712106025,0.6552746160583822,"{'mlp__activation': 'relu', 'mlp__alpha': 0.001, 'mlp__hidden_layer_sizes': (50, 50), 'mlp__learning_rate_init': 0.01}"
33,33,SWRI_RF,0.0533503943607718,0.0808405802362126,0.7510005321335609,0.0949024019583384,0.1220547149802632,0.6016439916947336,0.0309449741783641,0.0424249002673427,0.8250616874254287,0.0343827470149134,0.0542426788111747,0.7724182663187795,0.0249120308963306,0.0399002975620686,0.9513839873979958,"{'rf__max_depth': 30, 'rf__min_samples_split': 5, 'rf__n_estimators': 200}"
108,108,SWRI_Ridge,0.0795684560262744,0.1055377700739319,0.533310678342896,0.1275214017698595,0.155118190623873,0.3565901419978261,0.0572017388129361,0.0691684089868026,0.5349936909789623,0.0542213511271516,0.0680451165188407,0.641863102510138,0.0813874183714867,0.1087702179971513,0.6387173841165736,"{'ridge__alpha': 0.001, 'ridge__fit_intercept': True, 'ridge__solver': 'saga'}"
8,8,SWRI_SVR,0.0541874646469298,0.0815524391062743,0.760805772582051,0.0954550424035604,0.1268117749369114,0.5699871709018007,0.0364194600212623,0.0455209907268577,0.7985966527549372,0.0309075136947608,0.0429459882818879,0.8573406156799264,0.0508299137051383,0.0774528561485839,0.8168099244647746,"{'SVR__C': 10, 'SVR__epsilon': 0.05, 'SVR__gamma': 10, 'SVR__kernel': 'rbf'}"
83,83,SWRI_XGB,0.0525196734915021,0.0798409611033333,0.7559338784752381,0.0959246057458925,0.1237891571303433,0.5902419806644241,0.030915231005253,0.0410360419447047,0.836328070189905,0.0309229266183902,0.0464308584723568,0.8332489528258367,0.0171791108693913,0.0245628977793022,0.9815759005736402,"{'xgb__colsample_bytree': 1.0, 'xgb__learning_rate': 0.01, 'xgb__max_depth': 10, 'xgb__n_estimators': 500, 'xgb__subsample': 0.6}"
54,54,TM57_MLP,0.1034208984788524,0.133418921855369,0.7133788590444861,0.1254532108573683,0.1556317972681629,0.7115411161313112,0.0804365974534727,0.1139566912583699,0.8411417048850995,0.1043639900355587,0.1273163509706082,0.6501912360066604,0.1103409473110021,0.1414569608428205,0.7523740383146106,"{'mlp__activation': 'relu', 'mlp__alpha': 0.0001, 'mlp__hidden_layer_sizes': (50, 50), 'mlp__learning_rate_init': 0.01}"
29,29,TM57_RF,0.1001251785685142,0.1309624955572601,0.7363544340919392,0.1244740842511187,0.1583119426097389,0.7015204307527985,0.0733458050492807,0.1008784962847141,0.8755120156082083,0.1025329317524644,0.1273700852038734,0.6498958980994516,0.0650475763646301,0.0840531442850597,0.912571010786675,"{'rf__max_depth': 20, 'rf__min_samples_split': 10, 'rf__n_estimators': 100}"
104,104,TM57_Ridge,0.1188774116588432,0.1497079345452334,0.61671402067375,0.1310677035940124,0.1655340035959547,0.6736664757472818,0.1079212423264042,0.1384944669278447,0.765363764947405,0.1176548229122132,0.1437762030886184,0.5538957701172799,0.1236750019126894,0.1564230716553076,0.6972046869503341,"{'ridge__alpha': 0.1, 'ridge__fit_intercept': True, 'ridge__solver': 'auto'}"
4,4,TM57_SVR,0.1003405826044157,0.1313175947043278,0.7252611379364308,0.1289688582461229,0.1576307966920422,0.7040833551220809,0.0745556610925122,0.1051468056380058,0.86475463133213,0.0975238018776944,0.1258683228877824,0.6581030618297474,0.0960298562129427,0.1251309307905505,0.806234310077464,"{'SVR__C': 1, 'SVR__epsilon': 0.05, 'SVR__gamma': 10, 'SVR__kernel': 'rbf'}"
79,79,TM57_XGB,0.0974823499030247,0.1283453762759357,0.7332397087025306,0.124157013032916,0.1566673865109027,0.7076894766229815,0.0713713430426084,0.0989627312896372,0.8801953757740257,0.0969239614491523,0.1228508665430835,0.6742992423883885,0.0760490493884219,0.0971898923598875,0.8831066699096171,"{'xgb__colsample_bytree': 1.0, 'xgb__learning_rate': 0.01, 'xgb__max_depth': 7, 'xgb__n_estimators': 500, 'xgb__subsample': 0.2}"
67,67,VOG1_MLP,0.0992622489423595,0.1490790672048451,-0.1588198884364875,0.1343972535326916,0.2087176587387628,0.1955758996757273,0.0740087979160444,0.0986605248943706,0.7316206338281179,0.0894730463462306,0.1160148030863017,-0.0609646669272225,0.0998391973377064,0.1438370179584529,0.5638348257974682,"{'mlp__activation': 'relu', 'mlp__alpha': 0.0001, 'mlp__hidden_layer_sizes': (50, 50), 'mlp__learning_rate_init': 0.01}"
42,42,VOG1_RF,0.0819707264344625,0.1254195262418725,0.3937623971020924,0.1178534022944628,0.1807555839306364,0.3966766561110934,0.0539685910323511,0.0739908634724484,0.849055090737781,0.0741638358873951,0.095422429648639,0.2822469490435116,0.0484017728791103,0.0667368864211268,0.9061052031042982,"{'rf__max_depth': 10, 'rf__min_samples_split': 5, 'rf__n_estimators': 100}"
117,117,VOG1_Ridge,0.1238241641193969,0.1670975094139273,-0.4898787976445415,0.154111351411156,0.2135352663845177,0.1580119907686978,0.0989621243321698,0.1354091098619896,0.4944570644842485,0.1184497189279914,0.1410935908186975,-0.5692375046563498,0.1274937943819602,0.1673442142352936,0.409620800032213,"{'ridge__alpha': 0.01, 'ridge__fit_intercept': True, 'ridge__solver': 'saga'}"
17,17,VOG1_SVR,0.0861318650810413,0.1352488079063548,0.1905106999851766,0.1208699625100955,0.1944764565972402,0.3016055966735455,0.0710302311244204,0.0975649579611903,0.7375479296363284,0.0666789199588178,0.0873912234079239,0.39798162823528,0.0735765329439364,0.1134839839757154,0.7284943995267636,"{'SVR__C': 10, 'SVR__epsilon': 0.05, 'SVR__gamma': 5, 'SVR__kernel': 'rbf'}"
92,92,VOG1_XGB,0.0774085397138393,0.1172613223138502,0.4625854427931671,0.1140253665436219,0.1700946295402406,0.4657458702945966,0.0550302943090164,0.0739587621653879,0.8491860387366443,0.0633030291433185,0.0831448915936738,0.455064314051111,0.0310621121970247,0.0426126139118402,0.961718760145856,"{'xgb__colsample_bytree': 1.0, 'xgb__learning_rate': 0.01, 'xgb__max_depth': 7, 'xgb__n_estimators': 500, 'xgb__subsample': 0.8}"
50,50,WBI_MLP,0.0468060429717985,0.0649295379665087,0.2403476824251497,0.0752253735117071,0.0937147204293294,0.1051198076921754,0.0394827112260852,0.0509851156293719,-0.4485867532005596,0.0259072030448387,0.0359607592649465,0.4117886123787443,0.0468307594352023,0.0652336760882485,0.4945653259376796,"{'mlp__activation': 'relu', 'mlp__alpha': 0.001, 'mlp__hidden_layer_sizes': (50,), 'mlp__learning_rate_init': 0.01}"
25,25,WBI_RF,0.0420021464143688,0.0590039990653026,0.4097281575390631,0.0690212884328883,0.086215733943507,0.2426051866476962,0.0331392729544144,0.0425531532704986,-0.0090697512945343,0.0240155626086876,0.0349543938988757,0.4442502518498902,0.0276540573633972,0.0408587320230496,0.8017144361955046,"{'rf__max_depth': None, 'rf__min_samples_split': 15, 'rf__n_estimators': 100}"
100,100,WBI_Ridge,0.0465846552024796,0.0623989833575644,0.239656345475049,0.0747207556607706,0.0906887370361343,0.1619769289778752,0.0387455774461734,0.0476857698013098,-0.2671711834374983,0.0264773243014478,0.0347542402305902,0.4505966285944668,0.0475745435476206,0.0647438302705606,0.5021275393900894,"{'ridge__alpha': 0.001, 'ridge__fit_intercept': True, 'ridge__solver': 'saga'}"
0,0,WBI_SVR,0.0402822633172777,0.0583842122299433,0.3722296227729238,0.0666238481648263,0.0836712644860527,0.2866512047474525,0.0318412025311651,0.0444970492657574,-0.1033673217036483,0.0225490338732382,0.0355738645874043,0.4243774251857963,0.0405165398457441,0.0616418828935606,0.5486919098693326,"{'SVR__C': 0.1, 'SVR__epsilon': 0.01, 'SVR__gamma': 10, 'SVR__kernel': 'rbf'}"
75,75,WBI_XGB,0.0241698537165837,0.038922516271657,0.7746455363093333,0.0486144416770171,0.0635454367780692,0.5885491102891898,0.0132932876574075,0.0174316627611502,0.8306694484871473,0.0107286357583289,0.0146718346920316,0.9020860495732794,0.0176442397822385,0.0296026445753128,0.895916389637315,"{'xgb__colsample_bytree': 1.0, 'xgb__learning_rate': 0.01, 'xgb__max_depth': 7, 'xgb__n_estimators': 500, 'xgb__subsample': 0.2}"
55,55,WI_MLP,0.0388170115598281,0.051000930675775,0.2506150229307297,0.0603739888146672,0.0721258454733121,0.225144046298323,0.0341140364402785,0.0430010458328253,-0.1543569916892548,0.0221205234631864,0.0277369426451683,0.6237289998436027,0.0414832515401099,0.0562763372915412,0.4718106767141955,"{'mlp__activation': 'relu', 'mlp__alpha': 0.01, 'mlp__hidden_layer_sizes': (50, 50), 'mlp__learning_rate_init': 0.01}"
30,30,WI_RF,0.0223330692117343,0.035882553693167,0.7246032363404424,0.0423489689856871,0.0557128607211768,0.5376721471624477,0.011586650354612,0.0161794537783706,0.8365782666543431,0.0131502189576778,0.0224580503056923,0.7533235603725227,0.01198024672848,0.0200213616643565,0.9331463394458174,"{'rf__max_depth': 40, 'rf__min_samples_split': 7, 'rf__n_estimators': 500}"
105,105,WI_Ridge,0.0335928663494944,0.045337523811648,0.5113708383475171,0.0555850795873159,0.0677372727871087,0.3165691881050346,0.0230705497162075,0.0283597582921421,0.4979035492706976,0.0222301650403294,0.0280327852552818,0.6156595705252088,0.0346879441956511,0.0478873769362595,0.6175452419859555,"{'ridge__alpha': 0.01, 'ridge__fit_intercept': True, 'ridge__solver': 'lsqr'}"
5,5,WI_SVR,0.0231879749770135,0.0372574530256624,0.7124321524059389,0.0461144505152181,0.0598174556471196,0.4670395124022048,0.0124410531232018,0.0169956568501501,0.819674141248403,0.0111222488971477,0.0175375865525847,0.8495738897269729,0.0216971193280327,0.0366226584475244,0.7763145664294364,"{'SVR__C': 1, 'SVR__epsilon': 0.01, 'SVR__gamma': 10, 'SVR__kernel': 'rbf'}"
80,80,WI_XGB,0.0217509756152421,0.0345337207290778,0.7448506761383771,0.0418620594072805,0.0549266095941415,0.5506293276728621,0.0114633433854089,0.0150908658767035,0.8578291959022524,0.0120193320115621,0.0184688857348196,0.8331735302963015,0.0068024817046692,0.0101466386459512,0.9828295230653612,"{'xgb__colsample_bytree': 1.0, 'xgb__learning_rate': 0.01, 'xgb__max_depth': 10, 'xgb__n_estimators': 500, 'xgb__subsample': 0.6}"
